INSERT INTO VOTER (ID, NAME) VALUES (101, 'Jan Kowalski');
INSERT INTO VOTER (ID, NAME) VALUES (102, 'Jakub Nowak');
INSERT INTO VOTER (ID, NAME) VALUES (103, 'Anna Bak');
INSERT INTO VOTER (ID, NAME) VALUES (104, 'Kewin Andrzejewski');
INSERT INTO VOTER (ID, NAME) VALUES (105, 'Ariel Rutkowski');
INSERT INTO VOTER (ID, NAME) VALUES (106, 'Eustachy Sobczak');
INSERT INTO VOTER (ID, NAME) VALUES (107, ' Szulc');
INSERT INTO VOTER (ID, NAME) VALUES (108, 'Krzysztof Szczepański');
INSERT INTO VOTER (ID, NAME) VALUES (109, 'Henryk Marciniak');
INSERT INTO VOTER (ID, NAME) VALUES (110, 'Leonardo Sadowska');
INSERT INTO VOTER (ID, NAME) VALUES (111, 'Denis Woźniak');
INSERT INTO VOTER (ID, NAME) VALUES (112, 'Mariusz Krawczyk');

INSERT INTO VOTING(ID, NAME, START, END, SINGLE_CHOICE)
 VALUES (101, 'Voting A', PARSEDATETIME('05-02-2020 12:00:00', 'dd-MM-yyyy HH:mm:ss'), PARSEDATETIME('10-02-2020 12:00:00', 'dd-MM-yyyy HH:mm:ss'), TRUE);
INSERT INTO VOTING(ID, NAME, START, END, SINGLE_CHOICE)
 VALUES (102, 'Voting B', PARSEDATETIME('05-06-2020 08:00:00', 'dd-MM-yyyy HH:mm:ss'), PARSEDATETIME('05-06-2020 12:00:00', 'dd-MM-yyyy HH:mm:ss'), FALSE);
INSERT INTO VOTING(ID, NAME, START, END, SINGLE_CHOICE)
 VALUES (103, 'Voting C', PARSEDATETIME('10-07-2020 20:00:00', 'dd-MM-yyyy HH:mm:ss'), PARSEDATETIME('12-07-2020 15:00:00', 'dd-MM-yyyy HH:mm:ss'), TRUE);

INSERT INTO OPTION(ID, NAME, VOTING_ID) VALUES(101, 'Option A1', 101);
INSERT INTO OPTION(ID, NAME, VOTING_ID) VALUES(102, 'Option A2', 101);
INSERT INTO OPTION(ID, NAME, VOTING_ID) VALUES(103, 'Option A3', 101);
INSERT INTO OPTION(ID, NAME, VOTING_ID) VALUES(104, 'Option A4', 101);
INSERT INTO OPTION(ID, NAME, VOTING_ID) VALUES(105, 'Option A5', 101);

INSERT INTO OPTION(ID, NAME, VOTING_ID) VALUES(106, 'Option B1', 102);
INSERT INTO OPTION(ID, NAME, VOTING_ID) VALUES(107, 'Option B2', 102);
INSERT INTO OPTION(ID, NAME, VOTING_ID) VALUES(108, 'Option B3', 102);
INSERT INTO OPTION(ID, NAME, VOTING_ID) VALUES(109, 'Option B4', 102);

INSERT INTO OPTION(ID, NAME, VOTING_ID) VALUES(110, 'Option C1', 103);
INSERT INTO OPTION(ID, NAME, VOTING_ID) VALUES(111, 'Option C2', 103);
INSERT INTO OPTION(ID, NAME, VOTING_ID) VALUES(112, 'Option C3', 103);
INSERT INTO OPTION(ID, NAME, VOTING_ID) VALUES(113, 'Option C4', 103);

INSERT INTO REGISTERED_VOTERS(VOTING_ID, VOTER_ID) VALUES(101, 102);
INSERT INTO REGISTERED_VOTERS(VOTING_ID, VOTER_ID) VALUES(101, 103);
INSERT INTO REGISTERED_VOTERS(VOTING_ID, VOTER_ID) VALUES(101, 104);
INSERT INTO REGISTERED_VOTERS(VOTING_ID, VOTER_ID) VALUES(101, 106);
INSERT INTO REGISTERED_VOTERS(VOTING_ID, VOTER_ID) VALUES(101, 107);
INSERT INTO REGISTERED_VOTERS(VOTING_ID, VOTER_ID) VALUES(101, 108);
INSERT INTO REGISTERED_VOTERS(VOTING_ID, VOTER_ID) VALUES(101, 109);
INSERT INTO REGISTERED_VOTERS(VOTING_ID, VOTER_ID) VALUES(101, 110);
INSERT INTO REGISTERED_VOTERS(VOTING_ID, VOTER_ID) VALUES(101, 111);

INSERT INTO REGISTERED_VOTERS(VOTING_ID, VOTER_ID) VALUES(102, 103);
INSERT INTO REGISTERED_VOTERS(VOTING_ID, VOTER_ID) VALUES(102, 104);
INSERT INTO REGISTERED_VOTERS(VOTING_ID, VOTER_ID) VALUES(102, 105);
INSERT INTO REGISTERED_VOTERS(VOTING_ID, VOTER_ID) VALUES(102, 106);

INSERT INTO REGISTERED_VOTERS(VOTING_ID, VOTER_ID) VALUES(103, 101);
INSERT INTO REGISTERED_VOTERS(VOTING_ID, VOTER_ID) VALUES(103, 102);
INSERT INTO REGISTERED_VOTERS(VOTING_ID, VOTER_ID) VALUES(103, 106);
INSERT INTO REGISTERED_VOTERS(VOTING_ID, VOTER_ID) VALUES(103, 107);
INSERT INTO REGISTERED_VOTERS(VOTING_ID, VOTER_ID) VALUES(103, 108);
INSERT INTO REGISTERED_VOTERS(VOTING_ID, VOTER_ID) VALUES(103, 109);

INSERT INTO VOTE(DATE_TIME, OPTION_ID, VOTER_ID)
 VALUES(PARSEDATETIME('05-02-2020 20:37:00', 'dd-MM-yyyy HH:mm:ss'), 101, 102);
INSERT INTO VOTE(DATE_TIME, OPTION_ID, VOTER_ID)
 VALUES(PARSEDATETIME('07-02-2020 06:32:00', 'dd-MM-yyyy HH:mm:ss'), 102, 103);
INSERT INTO VOTE(DATE_TIME, OPTION_ID, VOTER_ID)
 VALUES(PARSEDATETIME('06-02-2020 17:34:00', 'dd-MM-yyyy HH:mm:ss'), 101, 104);
INSERT INTO VOTE(DATE_TIME, OPTION_ID, VOTER_ID)
 VALUES(PARSEDATETIME('08-02-2020 12:22:00', 'dd-MM-yyyy HH:mm:ss'), 104, 106);
INSERT INTO VOTE(DATE_TIME, OPTION_ID, VOTER_ID)
 VALUES(PARSEDATETIME('09-02-2020 15:12:00', 'dd-MM-yyyy HH:mm:ss'), 102, 107);
INSERT INTO VOTE(DATE_TIME, OPTION_ID, VOTER_ID)
 VALUES(PARSEDATETIME('09-02-2020 14:03:00', 'dd-MM-yyyy HH:mm:ss'), 101, 108);
INSERT INTO VOTE(DATE_TIME, OPTION_ID, VOTER_ID)
 VALUES(PARSEDATETIME('05-02-2020 21:04:00', 'dd-MM-yyyy HH:mm:ss'), 104, 109);
INSERT INTO VOTE(DATE_TIME, OPTION_ID, VOTER_ID)
 VALUES(PARSEDATETIME('07-02-2020 23:57:00', 'dd-MM-yyyy HH:mm:ss'), 101, 110);
INSERT INTO VOTE(DATE_TIME, OPTION_ID, VOTER_ID)
 VALUES(PARSEDATETIME('06-02-2020 23:52:00', 'dd-MM-yyyy HH:mm:ss'), 103, 111);